"text","label"
"I am absolutely confident and prepared for this presentation","confident"
"I am absolutely confident and prepared for this presentation","confident"
"I am absolutely confident and prepared for this presentation","confident"
"I am absolutely confident and prepared for this presentation","confident"
"I am absolutely confident and prepared for this presentation","confident"
"I am absolutely confident and prepared for this presentation","confident"
"I am absolutely confident and prepared for this presentation","confident"
"I am absolutely confident and prepared for this presentation","confident"
"I am absolutely confident and prepared for this presentation","confident"
"I am absolutely confident and prepared for this presentation","confident"
"I am absolutely confident and prepared for this presentation","confident"
"I am absolutely confident and prepared for this presentation","confident"
"I am absolutely confident and prepared for this presentation","confident"
"I am absolutely confident and prepared for this presentation","confident"
"I am absolutely confident and prepared for this presentation","confident"
"I am absolutely confident and prepared for this presentation","confident"
"I am absolutely confident and prepared for this presentation","confident"
"I am absolutely confident and prepared for this presentation","confident"
"I am absolutely confident and prepared for this presentation","confident"
"I am absolutely confident and prepared for this presentation","confident"
"I am absolutely confident and prepared for this presentation","confident"
"I am absolutely confident and prepared for this presentation","confident"
"I am absolutely confident and prepared for this presentation","confident"
"I am absolutely confident and prepared for this presentation","confident"
"I am absolutely confident and prepared for this presentation","confident"
"I am absolutely confident and prepared for this presentation","confident"
"I am absolutely confident and prepared for this presentation","confident"
"I am absolutely confident and prepared for this presentation","confident"
"I am absolutely confident and prepared for this presentation","confident"
"I am absolutely confident and prepared for this presentation","confident"
"I am absolutely confident and prepared for this presentation","confident"
"I am absolutely confident and prepared for this presentation","confident"
"I am absolutely confident and prepared for this presentation","confident"
"I am absolutely confident and prepared for this presentation","confident"
"I am absolutely confident and prepared for this presentation","confident"
"I am absolutely confident and prepared for this presentation","confident"
"I am absolutely confident and prepared for this presentation","confident"
"I am absolutely confident and prepared for this presentation","confident"
"I am absolutely confident and prepared for this presentation","confident"
"I am absolutely confident and prepared for this presentation","confident"
"I am worried and maybe unsure about this answer","nervous"
"I am worried and maybe unsure about this answer","nervous"
"I am worried and maybe unsure about this answer","nervous"
"I am worried and maybe unsure about this answer","nervous"
"I am worried and maybe unsure about this answer","nervous"
"I am worried and maybe unsure about this answer","nervous"
"I am worried and maybe unsure about this answer","nervous"
"I am worried and maybe unsure about this answer","nervous"
"I am worried and maybe unsure about this answer","nervous"
"I am worried and maybe unsure about this answer","nervous"
"I am worried and maybe unsure about this answer","nervous"
"I am worried and maybe unsure about this answer","nervous"
"I am worried and maybe unsure about this answer","nervous"
"I am worried and maybe unsure about this answer","nervous"
"I am worried and maybe unsure about this answer","nervous"
"I am worried and maybe unsure about this answer","nervous"
"I am worried and maybe unsure about this answer","nervous"
"I am worried and maybe unsure about this answer","nervous"
"I am worried and maybe unsure about this answer","nervous"
"I am worried and maybe unsure about this answer","nervous"
"I am worried and maybe unsure about this answer","nervous"
"I am worried and maybe unsure about this answer","nervous"
"I am worried and maybe unsure about this answer","nervous"
"I am worried and maybe unsure about this answer","nervous"
"I am worried and maybe unsure about this answer","nervous"
"I am worried and maybe unsure about this answer","nervous"
"I am worried and maybe unsure about this answer","nervous"
"I am worried and maybe unsure about this answer","nervous"
"I am worried and maybe unsure about this answer","nervous"
"I am worried and maybe unsure about this answer","nervous"
"I am worried and maybe unsure about this answer","nervous"
"I am worried and maybe unsure about this answer","nervous"
"I am worried and maybe unsure about this answer","nervous"
"I am worried and maybe unsure about this answer","nervous"
"I am worried and maybe unsure about this answer","nervous"
"I am worried and maybe unsure about this answer","nervous"
"I am worried and maybe unsure about this answer","nervous"
"I am worried and maybe unsure about this answer","nervous"
"I am worried and maybe unsure about this answer","nervous"
"I am worried and maybe unsure about this answer","nervous"
"I am excited and thrilled to share this amazing idea","excited"
"I am excited and thrilled to share this amazing idea","excited"
"I am excited and thrilled to share this amazing idea","excited"
"I am excited and thrilled to share this amazing idea","excited"
"I am excited and thrilled to share this amazing idea","excited"
"I am excited and thrilled to share this amazing idea","excited"
"I am excited and thrilled to share this amazing idea","excited"
"I am excited and thrilled to share this amazing idea","excited"
"I am excited and thrilled to share this amazing idea","excited"
"I am excited and thrilled to share this amazing idea","excited"
"I am excited and thrilled to share this amazing idea","excited"
"I am excited and thrilled to share this amazing idea","excited"
"I am excited and thrilled to share this amazing idea","excited"
"I am excited and thrilled to share this amazing idea","excited"
"I am excited and thrilled to share this amazing idea","excited"
"I am excited and thrilled to share this amazing idea","excited"
"I am excited and thrilled to share this amazing idea","excited"
"I am excited and thrilled to share this amazing idea","excited"
"I am excited and thrilled to share this amazing idea","excited"
"I am excited and thrilled to share this amazing idea","excited"
"I am excited and thrilled to share this amazing idea","excited"
"I am excited and thrilled to share this amazing idea","excited"
"I am excited and thrilled to share this amazing idea","excited"
"I am excited and thrilled to share this amazing idea","excited"
"I am excited and thrilled to share this amazing idea","excited"
"I am excited and thrilled to share this amazing idea","excited"
"I am excited and thrilled to share this amazing idea","excited"
"I am excited and thrilled to share this amazing idea","excited"
"I am excited and thrilled to share this amazing idea","excited"
"I am excited and thrilled to share this amazing idea","excited"
"I am excited and thrilled to share this amazing idea","excited"
"I am excited and thrilled to share this amazing idea","excited"
"I am excited and thrilled to share this amazing idea","excited"
"I am excited and thrilled to share this amazing idea","excited"
"I am excited and thrilled to share this amazing idea","excited"
"I am excited and thrilled to share this amazing idea","excited"
"I am excited and thrilled to share this amazing idea","excited"
"I am excited and thrilled to share this amazing idea","excited"
"I am excited and thrilled to share this amazing idea","excited"
"I am excited and thrilled to share this amazing idea","excited"
"I feel calm and focused and organized today","calm"
"I feel calm and focused and organized today","calm"
"I feel calm and focused and organized today","calm"
"I feel calm and focused and organized today","calm"
"I feel calm and focused and organized today","calm"
"I feel calm and focused and organized today","calm"
"I feel calm and focused and organized today","calm"
"I feel calm and focused and organized today","calm"
"I feel calm and focused and organized today","calm"
"I feel calm and focused and organized today","calm"
"I feel calm and focused and organized today","calm"
"I feel calm and focused and organized today","calm"
"I feel calm and focused and organized today","calm"
"I feel calm and focused and organized today","calm"
"I feel calm and focused and organized today","calm"
"I feel calm and focused and organized today","calm"
"I feel calm and focused and organized today","calm"
"I feel calm and focused and organized today","calm"
"I feel calm and focused and organized today","calm"
"I feel calm and focused and organized today","calm"
"I feel calm and focused and organized today","calm"
"I feel calm and focused and organized today","calm"
"I feel calm and focused and organized today","calm"
"I feel calm and focused and organized today","calm"
"I feel calm and focused and organized today","calm"
"I feel calm and focused and organized today","calm"
"I feel calm and focused and organized today","calm"
"I feel calm and focused and organized today","calm"
"I feel calm and focused and organized today","calm"
"I feel calm and focused and organized today","calm"
"I feel calm and focused and organized today","calm"
"I feel calm and focused and organized today","calm"
"I feel calm and focused and organized today","calm"
"I feel calm and focused and organized today","calm"
"I feel calm and focused and organized today","calm"
"I feel calm and focused and organized today","calm"
"I feel calm and focused and organized today","calm"
"I feel calm and focused and organized today","calm"
"I feel calm and focused and organized today","calm"
"I feel calm and focused and organized today","calm"
